{
  "cv_accuracy_mean": 0.5150677744726126,
  "cv_accuracy_std": 0.011239472010248828,
  "val_ece": 0.004128680458590883,
  "val_accuracy": 0.49955156950672647,
  "temperature": 1.6730013548867726,
  "n_train": 186826,
  "n_val": 1115,
  "top_features": {
    "regime_p_trending": 513.7775011062622,
    "rsi_14": 458.82598781585693,
    "cvd_slope_5bar": 405.11029529571533,
    "return_3": 345.89153480529785,
    "tod_sin": 331.84686756134033,
    "regime_p_ranging": 314.13889598846436,
    "autocorr_6": 310.1220006942749,
    "regime_p_highvol": 286.09459686279297,
    "cvd_1bar": 280.97070121765137,
    "ofi_1bar": 271.4275016784668
  }
}