{
  "cv_accuracy_mean": 0.5508021390374331,
  "cv_accuracy_std": 0.01639541146177099,
  "val_ece": 0.06599370389857614,
  "val_accuracy": 0.5721649484536082,
  "temperature": 0.6999935919094101,
  "n_train": 3740,
  "n_val": 194,
  "top_features": {
    "regime_p_trending": 280.87021923065186,
    "vpin_12bar": 242.76285982131958,
    "realized_vol_12": 159.07338905334473,
    "cvd_1bar": 153.7921109199524,
    "bb_pctb_20": 141.26376962661743,
    "rsi_14": 119.34795904159546,
    "return_6": 104.55254125595093,
    "ofi_1bar": 100.148610830307,
    "microprice_drift": 97.05110931396484,
    "regime_p_highvol": 83.05418992042542
  }
}