{
  "cv_accuracy_mean": 0.5573895120162546,
  "cv_accuracy_std": 0.012778956597046294,
  "val_ece": 0.00026644282675591935,
  "val_accuracy": 0.562874251497006,
  "temperature": 0.8597831986317557,
  "n_train": 22597,
  "n_val": 1169,
  "top_features": {
    "vpin_12bar": 60.14319896697998,
    "hl_range_zscore": 49.74519920349121,
    "realized_vol_12": 34.90480041503906,
    "bb_pctb_20": 34.1274995803833,
    "rsi_14": 28.35189914703369,
    "autocorr_6": 23.740599632263184,
    "regime_p_trending": 22.9660701751709,
    "ofi_1bar": 21.877399444580078,
    "return_1": 16.94809913635254,
    "obi_1bar": 15.114500045776367
  }
}