{
  "donchian_pos_5m": 4726131.534461021,
  "stoch_k_14_5m": 3683751.0043964386,
  "bb_pctb_1m": 2818455.613774061,
  "ema_cross_5m": 1099497.8721294403,
  "microprice": 970551.9506807622,
  "rsi_14_1m": 784585.7436180115,
  "atr_ratio_1m": 649152.7221446037,
  "obv_slope_1m": 522907.30903458595,
  "bb_width_5m": 425735.0927219391,
  "regime_p_trending": 408548.13299560547,
  "regime_p_ranging": 400948.8535079956,
  "regime_p_highvol": 370798.2716642618,
  "return_1": 134066.7148880044,
  "return_10": 133530.6867276148,
  "realized_vol_20": 98103.9063360542,
  "regime_bars_in": 88309.7857439518,
  "cvd_delta_30": 64981.90016168356,
  "volume_imbalance_10": 61323.632108712394,
  "cvd_slope": 27061.066975360736,
  "cvd_delta_10": 26327.960730850697,
  "return_5": 23003.159338314945,
  "spread": 19764.00248155315,
  "volume_zscore_20": 12724.457040786743,
  "spread_zscore_50": 11554.458936435054,
  "obi_5": 9753.737074911594,
  "obi_1": 7754.771384835243,
  "return_autocorr_10": 6887.597047068179,
  "microprice_vs_mid": 6313.743420600891,
  "ofi_30": 2657.7194287776947,
  "ofi_10": 1606.141666650772
}