{
  "microprice": 35316.966972351074,
  "return_1": 27592.709465026855,
  "bb_pctb_1m": 4693.927505493164,
  "return_10": 3201.4118576049805,
  "rsi_14_1m": 3094.8975791931152,
  "volume_imbalance_10": 1760.9902000427246,
  "regime_p_highvol": 1657.824104309082,
  "obv_slope_1m": 1560.2260818481445,
  "donchian_pos_5m": 1496.4180068969727,
  "cvd_delta_10": 1483.749382019043,
  "spread": 1368.0711364746094,
  "cvd_slope": 1237.8963088989258,
  "cvd_delta_30": 1159.102710723877,
  "realized_vol_20": 977.8494033813477,
  "regime_p_ranging": 771.0798034667969,
  "volume_zscore_20": 689.4664077758789,
  "ema_cross_5m": 543.2147941589355,
  "bb_width_5m": 396.927001953125,
  "regime_p_trending": 394.2955017089844,
  "regime_bars_in": 272.30699157714844,
  "stoch_k_14_5m": 259.0547981262207,
  "atr_ratio_1m": 183.9937973022461,
  "microprice_vs_mid": 174.41929626464844,
  "ofi_30": 57.28300094604492,
  "spread_zscore_50": 0.0,
  "return_5": 0.0,
  "return_autocorr_10": 0.0,
  "obi_5": 0.0,
  "obi_1": 0.0,
  "ofi_10": 0.0
}