{
  "donchian_pos_5m": 4886259.39760685,
  "stoch_k_14_5m": 3759602.5994796753,
  "bb_pctb_1m": 2964150.6705417633,
  "ema_cross_5m": 1100098.9900016785,
  "microprice": 1007035.2207091041,
  "rsi_14_1m": 789088.1758636236,
  "atr_ratio_1m": 644563.4633088112,
  "obv_slope_1m": 556522.4662878513,
  "bb_width_5m": 424170.4767155647,
  "regime_p_highvol": 420031.40888834,
  "regime_p_trending": 297933.6116223335,
  "regime_p_ranging": 252050.8730931282,
  "return_1": 144841.2927866443,
  "return_10": 143713.47863388062,
  "realized_vol_20": 103951.94639653119,
  "regime_bars_in": 97110.0328810215,
  "cvd_delta_30": 70828.43590211868,
  "volume_imbalance_10": 62585.24418711662,
  "cvd_delta_10": 30909.820332348347,
  "cvd_slope": 27717.523929599032,
  "return_5": 24164.878472208977,
  "spread": 22217.920383930206,
  "volume_zscore_20": 15978.085111141205,
  "spread_zscore_50": 12741.196369914105,
  "obi_5": 12164.096267193556,
  "obi_1": 8751.068766824319,
  "return_autocorr_10": 6870.830535888672,
  "microprice_vs_mid": 6682.261086644721,
  "ofi_30": 3282.2834511995316,
  "ofi_10": 2019.134429693222
}