{
  "microprice": 292313.43461608887,
  "regime_p_highvol": 156856.3315963745,
  "regime_p_ranging": 147980.12174224854,
  "regime_p_trending": 146360.57703018188,
  "regime_bars_in": 45410.82304382324,
  "return_1": 21100.245067596436,
  "realized_vol_20": 16611.118446350098,
  "cvd_delta_30": 12894.451795578003,
  "macd_hist": 12051.181247711182,
  "adx_14": 11561.09888458252,
  "cvd_delta_10": 9015.438194274902,
  "volume_imbalance_10": 8307.715782165527,
  "stoch_k_14": 7851.124744415283,
  "rsi_14": 6103.104137420654,
  "cvd_slope": 3917.7635345458984,
  "return_10": 3219.7007369995117,
  "return_autocorr_10": 3113.877799987793,
  "volume_zscore_20": 2219.588691711426,
  "spread": 2190.759189605713,
  "obi_5": 1800.71870803833,
  "return_5": 1226.380916595459,
  "obi_1": 949.9011001586914,
  "microprice_vs_mid": 485.1108932495117,
  "ofi_10": 215.02770614624023,
  "spread_zscore_50": 123.67400360107422,
  "ofi_30": 122.8499984741211
}