{
  "return_1": 502696.1423690319,
  "microprice": 182253.3748009205,
  "spread": 114599.54124879837,
  "volume_zscore_20": 84711.3859090805,
  "return_10": 52085.82087779045,
  "return_5": 45689.077127456665,
  "realized_vol_20": 41267.70012879372,
  "volume_imbalance_10": 40779.74485588074,
  "spread_zscore_50": 39158.20918393135,
  "cvd_delta_10": 37138.94528579712,
  "cvd_delta_30": 32149.950334072113,
  "obi_1": 31634.85089826584,
  "cvd_slope": 29083.062556505203,
  "return_autocorr_10": 27715.67359304428,
  "obi_5": 27363.267328977585,
  "ofi_10": 14200.575876951218,
  "ofi_30": 12845.565325260162,
  "microprice_vs_mid": 7260.697107791901
}