{
  "donchian_pos_5m": 2624517.05632782,
  "stoch_k_14_5m": 2145637.948384762,
  "bb_pctb_1m": 1800719.8101563454,
  "ema_cross_5m": 711058.6063634157,
  "microprice": 619454.4342691707,
  "rsi_14_1m": 513309.52233314514,
  "atr_ratio_1m": 411273.3914117813,
  "obv_slope_1m": 351438.45166540146,
  "regime_p_trending": 324880.5313796997,
  "bb_width_5m": 316706.47663497925,
  "regime_p_ranging": 311711.10388731956,
  "regime_p_highvol": 252458.4354581833,
  "return_1": 86990.95113564003,
  "realized_vol_20": 79033.51056945964,
  "return_10": 77559.13592413068,
  "cvd_delta_30": 68939.74380863039,
  "regime_bars_in": 58669.32403564453,
  "volume_imbalance_10": 55554.157922148705,
  "cvd_slope": 31678.671969890594,
  "cvd_delta_10": 22427.803804372263,
  "return_5": 17677.588837862015,
  "spread": 17535.64876461029,
  "obi_5": 10959.290927824739,
  "spread_zscore_50": 9707.825449913566,
  "volume_zscore_20": 9437.124974250793,
  "return_autocorr_10": 6113.735584765673,
  "ofi_30": 3641.442650000099,
  "obi_1": 3453.590807914734,
  "ofi_10": 3341.2471826076508,
  "microprice_vs_mid": 2556.170482635498
}