{
  "donchian_pos_5m": 4882467.460726738,
  "stoch_k_14_5m": 3769688.5582659245,
  "bb_pctb_1m": 2970912.627632141,
  "ema_cross_5m": 1100986.2274889946,
  "microprice": 1004546.3919115324,
  "rsi_14_1m": 788929.8587642312,
  "atr_ratio_1m": 635515.7164673805,
  "obv_slope_1m": 551545.1600256562,
  "regime_p_ranging": 447304.09692430496,
  "bb_width_5m": 426872.50012373924,
  "regime_p_trending": 376024.98945760727,
  "regime_p_highvol": 369461.5576682091,
  "return_10": 135996.67440915108,
  "return_1": 131905.805752635,
  "regime_bars_in": 107477.4851295948,
  "realized_vol_20": 96648.42787260143,
  "cvd_delta_30": 65394.12471716106,
  "volume_imbalance_10": 57563.31633934297,
  "cvd_delta_10": 24507.081993638538,
  "return_5": 24017.075064851262,
  "cvd_slope": 23990.91246986389,
  "spread": 20655.666678880167,
  "volume_zscore_20": 13880.897133737803,
  "spread_zscore_50": 11060.264069080353,
  "obi_5": 10769.270255237585,
  "microprice_vs_mid": 7773.500087708671,
  "obi_1": 7129.932202100754,
  "return_autocorr_10": 6082.759287416935,
  "ofi_30": 2191.0566926002502,
  "ofi_10": 1765.233793258667
}