{
  "microprice": 101091.05980110168,
  "return_1": 52323.56931972504,
  "spread": 9195.603912353516,
  "volume_imbalance_10": 8210.854031562805,
  "cvd_delta_10": 6389.553956031799,
  "volume_zscore_20": 6104.338172912598,
  "cvd_delta_30": 4174.334432601929,
  "obi_5": 3943.514207839966,
  "return_10": 3917.5139150619507,
  "return_autocorr_10": 3162.828616142273,
  "realized_vol_20": 2560.7816734313965,
  "spread_zscore_50": 2389.1363697052,
  "cvd_slope": 2382.238133430481,
  "return_5": 1470.0453176498413,
  "obi_1": 1293.7138957977295,
  "ofi_10": 632.7557020187378,
  "ofi_30": 561.0358943939209,
  "microprice_vs_mid": 84.69509887695312
}