{
  "microprice": 1427653.3464660645,
  "regime_p_highvol": 861264.0349884033,
  "regime_p_trending": 689772.660194397,
  "regime_p_ranging": 610824.5349960327,
  "regime_bars_in": 138974.17420959473,
  "return_1": 92553.0587387085,
  "stoch_k_14": 46846.82370758057,
  "realized_vol_20": 45795.43891906738,
  "macd_hist": 44336.18183135986,
  "cvd_delta_10": 40505.60186767578,
  "volume_imbalance_10": 37328.20714569092,
  "cvd_delta_30": 31941.535987854004,
  "cvd_slope": 22050.308715820312,
  "adx_14": 19281.65576171875,
  "return_10": 18556.646797180176,
  "rsi_14": 10641.651016235352,
  "obi_5": 8845.80802154541,
  "spread": 5945.626373291016,
  "return_autocorr_10": 4431.877990722656,
  "obi_1": 4036.967010498047,
  "volume_zscore_20": 3191.648292541504,
  "microprice_vs_mid": 1560.4090270996094,
  "return_5": 1051.6995086669922,
  "spread_zscore_50": 253.18299865722656,
  "ofi_30": 0.0,
  "ofi_10": 0.0
}