{
  "donchian_pos_5m": 2719051.4826493263,
  "stoch_k_14_5m": 2162387.7394571304,
  "bb_pctb_1m": 1218361.0113520622,
  "microprice": 721959.8117322922,
  "ema_cross_5m": 529308.4906711578,
  "regime_p_highvol": 311646.96129179,
  "rsi_14_1m": 276528.7675318718,
  "atr_ratio_1m": 269196.03003644943,
  "regime_p_ranging": 265477.05657863617,
  "regime_p_trending": 171911.72700834274,
  "obv_slope_1m": 159192.80664014816,
  "bb_width_5m": 157687.4880824089,
  "return_10": 70087.39404582977,
  "regime_bars_in": 56379.03912591934,
  "realized_vol_20": 40917.668769836426,
  "cvd_delta_30": 32538.183159828186,
  "return_1": 17455.092321395874,
  "return_5": 10410.71517086029,
  "volume_imbalance_10": 8538.672173976898,
  "cvd_slope": 8073.556050300598,
  "spread": 7344.83766746521,
  "microprice_vs_mid": 6166.326701164246,
  "obi_1": 6045.495990753174,
  "spread_zscore_50": 4663.555517196655,
  "cvd_delta_10": 3343.6023211479187,
  "volume_zscore_20": 3200.1179270744324,
  "obi_5": 1415.0137524604797,
  "return_autocorr_10": 990.2417335510254,
  "ofi_10": 20.69420051574707,
  "ofi_30": 4.329470157623291
}