{
  "microprice": 180305.92665863037,
  "return_1": 73842.3762550354,
  "bb_pctb_1m": 17210.317428588867,
  "rsi_14_1m": 14259.533626556396,
  "regime_p_ranging": 13802.456016540527,
  "obv_slope_1m": 12066.882236480713,
  "regime_p_trending": 11656.887691497803,
  "cvd_delta_10": 11165.26354598999,
  "bb_width_5m": 10512.179321289062,
  "regime_p_highvol": 10311.749813079834,
  "return_10": 9516.01095199585,
  "ema_cross_5m": 9099.46800994873,
  "atr_ratio_1m": 7972.326282501221,
  "realized_vol_20": 7697.802474975586,
  "donchian_pos_5m": 7682.666706085205,
  "volume_imbalance_10": 7395.768218994141,
  "cvd_delta_30": 5256.006492614746,
  "stoch_k_14_5m": 4785.751079559326,
  "regime_bars_in": 4185.218399047852,
  "cvd_slope": 4169.106521606445,
  "spread": 1948.7945098876953,
  "return_5": 1299.3217086791992,
  "spread_zscore_50": 827.355785369873,
  "volume_zscore_20": 642.4014053344727,
  "obi_5": 613.4756088256836,
  "microprice_vs_mid": 552.6930084228516,
  "return_autocorr_10": 362.6216049194336,
  "ofi_30": 285.8007049560547,
  "obi_1": 225.12879943847656,
  "ofi_10": 49.60969924926758
}