{
  "donchian_pos_5m": 2624517.0569581985,
  "stoch_k_14_5m": 2145737.5734763145,
  "bb_pctb_1m": 1800719.7751517296,
  "ema_cross_5m": 710958.9938346148,
  "microprice": 619454.441634017,
  "rsi_14_1m": 513309.53441143036,
  "atr_ratio_1m": 411273.36838054657,
  "obv_slope_1m": 351438.46255111694,
  "regime_p_trending": 324931.31386089325,
  "bb_width_5m": 316706.47920036316,
  "regime_p_ranging": 311711.10532164574,
  "regime_p_highvol": 252407.65371990204,
  "return_1": 86990.94937440654,
  "realized_vol_20": 79033.51335505169,
  "return_10": 77559.13791731,
  "cvd_delta_30": 68939.74497288954,
  "regime_bars_in": 58669.31922149658,
  "volume_imbalance_10": 55554.158195376396,
  "cvd_slope": 31678.67224264145,
  "cvd_delta_10": 22427.803664528125,
  "return_5": 17677.589247465134,
  "spread": 17535.649067878723,
  "obi_5": 10959.291374092718,
  "spread_zscore_50": 9707.826260472764,
  "volume_zscore_20": 9437.126467704773,
  "return_autocorr_10": 6113.735780842602,
  "ofi_30": 3641.4424506360083,
  "ofi_10": 3341.2471725940704,
  "obi_1": 3275.459303855896,
  "microprice_vs_mid": 2734.3013801574707
}