{
  "donchian_pos_5m": 2619639.815433502,
  "stoch_k_14_5m": 2246781.773370266,
  "bb_pctb_1m": 1233891.4794251919,
  "microprice": 740118.4445064068,
  "ema_cross_5m": 553236.9050836563,
  "rsi_14_1m": 276045.25475525856,
  "atr_ratio_1m": 248377.58760523796,
  "regime_p_ranging": 246213.63279032707,
  "regime_p_trending": 243392.68069267273,
  "bb_width_5m": 230454.0699825287,
  "regime_p_highvol": 227011.64127969742,
  "obv_slope_1m": 173280.37738144398,
  "return_10": 59395.762735964265,
  "regime_bars_in": 51337.763484954834,
  "cvd_delta_30": 48680.75579927489,
  "realized_vol_20": 42147.40390756796,
  "return_1": 35106.055696426425,
  "volume_imbalance_10": 32466.825256589334,
  "cvd_slope": 16300.714707811829,
  "spread": 16296.716769450693,
  "spread_zscore_50": 12351.65146112442,
  "return_5": 10306.978958845139,
  "cvd_delta_10": 9058.569644508301,
  "obi_1": 4762.289993524551,
  "return_autocorr_10": 3195.824456498027,
  "volume_zscore_20": 2632.151267528534,
  "obi_5": 2622.3811161518097,
  "microprice_vs_mid": 2542.4223499298096,
  "ofi_10": 372.3971211910248,
  "ofi_30": 145.19462966918945
}