{
  "microprice": 1429354.758605957,
  "regime_p_highvol": 860632.5848617554,
  "regime_p_trending": 688146.6776657104,
  "regime_p_ranging": 613057.2442474365,
  "regime_bars_in": 138759.25536346436,
  "return_1": 90740.53741455078,
  "stoch_k_14": 46324.59396362305,
  "realized_vol_20": 44972.38690185547,
  "macd_hist": 44678.78901672363,
  "cvd_delta_10": 42181.93723297119,
  "volume_imbalance_10": 38183.222175598145,
  "cvd_delta_30": 30909.171989440918,
  "cvd_slope": 21158.413917541504,
  "return_10": 18458.33805847168,
  "adx_14": 17804.937469482422,
  "rsi_14": 11285.046966552734,
  "obi_5": 8989.6275100708,
  "return_autocorr_10": 6885.402816772461,
  "spread": 5421.920013427734,
  "obi_1": 5174.584983825684,
  "volume_zscore_20": 2924.9240112304688,
  "microprice_vs_mid": 1873.993995666504,
  "return_5": 959.7659912109375,
  "spread_zscore_50": 253.072998046875,
  "ofi_30": 0.0,
  "ofi_10": 0.0
}