{
  "donchian_pos_5m": 2602453.9355301857,
  "stoch_k_14_5m": 2104711.972075939,
  "bb_pctb_1m": 1712307.813173771,
  "ema_cross_5m": 716509.3919672966,
  "microprice": 601378.390198929,
  "rsi_14_1m": 501831.2790340185,
  "atr_ratio_1m": 405435.0087480545,
  "obv_slope_1m": 338367.78184103966,
  "bb_width_5m": 309693.67124176025,
  "regime_p_highvol": 279902.6509604454,
  "regime_p_trending": 234207.8694615364,
  "regime_p_ranging": 188169.54727077484,
  "return_1": 92602.90466308594,
  "realized_vol_20": 92223.70111835538,
  "cvd_delta_30": 82985.6214266771,
  "return_10": 69534.54173445702,
  "volume_imbalance_10": 65261.89629541058,
  "regime_bars_in": 61488.53800535202,
  "cvd_slope": 37298.35414090435,
  "cvd_delta_10": 27847.581902980804,
  "spread": 21704.18548381573,
  "return_5": 19434.344894886017,
  "obi_5": 15095.201139757002,
  "spread_zscore_50": 10440.664683580399,
  "volume_zscore_20": 10422.74307847023,
  "return_autocorr_10": 9951.256411589682,
  "ofi_10": 6567.931459054351,
  "ofi_30": 3948.8330611288548,
  "microprice_vs_mid": 2211.2400188446045,
  "obi_1": 2128.0397720336914
}