{
  "microprice": 302866.58280944824,
  "regime_p_highvol": 144775.33068847656,
  "regime_p_ranging": 138099.94343185425,
  "regime_p_trending": 105784.28424453735,
  "return_1": 57121.115005493164,
  "regime_bars_in": 27308.351318359375,
  "cvd_delta_30": 16347.677516937256,
  "cvd_delta_10": 10506.618061065674,
  "realized_vol_20": 8380.111381530762,
  "volume_imbalance_10": 7960.751815795898,
  "adx_14": 6599.322418212891,
  "stoch_k_14": 5948.870624542236,
  "macd_hist": 4698.103073120117,
  "rsi_14": 3776.8160247802734,
  "cvd_slope": 3256.836929321289,
  "return_10": 2832.5404624938965,
  "spread": 643.5772933959961,
  "obi_1": 548.6603012084961,
  "return_5": 346.64300537109375,
  "spread_zscore_50": 214.5363998413086,
  "volume_zscore_20": 205.8489990234375,
  "microprice_vs_mid": 69.0728988647461,
  "ofi_10": 64.33660125732422,
  "return_autocorr_10": 44.27909851074219,
  "obi_5": 0.0,
  "ofi_30": 0.0
}