{
  "donchian_pos_5m": 2623913.601327181,
  "stoch_k_14_5m": 2154681.2575740814,
  "bb_pctb_1m": 1807196.46468091,
  "ema_cross_5m": 709947.0660943985,
  "microprice": 637570.840928334,
  "rsi_14_1m": 526453.6830127239,
  "atr_ratio_1m": 419803.62498795986,
  "obv_slope_1m": 354411.10158729553,
  "bb_width_5m": 312215.85267972946,
  "regime_p_highvol": 288318.9472769499,
  "regime_p_trending": 230593.00905799866,
  "regime_p_ranging": 188132.90228652954,
  "return_1": 96989.2474391089,
  "realized_vol_20": 90238.39582525461,
  "cvd_delta_30": 85698.4836297339,
  "return_10": 80766.80695225298,
  "regime_bars_in": 67446.44212412834,
  "volume_imbalance_10": 62224.975400328636,
  "cvd_slope": 36988.91843134479,
  "cvd_delta_10": 27602.50740066229,
  "return_5": 22387.632815318124,
  "spread": 22221.298106193542,
  "obi_5": 15958.626266796142,
  "spread_zscore_50": 12122.891568869702,
  "volume_zscore_20": 11963.985555648804,
  "return_autocorr_10": 8231.430412054062,
  "ofi_30": 4786.167856454849,
  "ofi_10": 4453.21712064743,
  "obi_1": 4035.006499648094,
  "microprice_vs_mid": 3714.007491827011
}